first_name,email,gender,job
Nertie,,Polygender,Senior Cost Accountant
Allyson,adeldello1@skype.com,Female,
Teddy,,Female,
Antoinette,afaircliff3@globo.com,,VP Product Management
Weylin,,,Data Coordiator
Daisi,dcordeau5@independent.co.uk,Genderqueer,
Emelita,ephiller6@sitemeter.com,Female,Senior Developer
Bennie,,Polygender,Mechanical Systems Engineer
Eirena,edalwood8@ovh.net,Male,Research Assistant IV
Kay,,Male,Research Assistant IV
Domenico,,Non-binary,Internal Auditor
Moyna,mrollb@wired.com,Female,Web Designer I
Melesa,,Bigender,
Christi,cvernallsd@tripod.com,Bigender,Food Chemist
,dallene@csmonitor.com,Bigender,Librarian
,,Bigender,Senior Developer
Haskell,hpenticootg@simplemachines.org,Male,
Kellyann,keusdenh@statcounter.com,Polygender,Developer I
Wilfred,,Genderfluid,Marketing Assistant
Thorpe,,Agender,Pharmacist
Karlen,kjeevesk@howstuffworks.com,Male,Operator
Janina,,Genderfluid,Electrical Engineer
Mickie,mdunbavinm@studiopress.com,Non-binary,Account Representative IV
Ferris,,,Librarian
Augustine,agleadleo@businessinsider.com,Agender,
Jerrie,jkenworthyp@washingtonpost.com,Non-binary,Actuary
Jaymie,,Non-binary,
Jessa,jrodwayr@soundcloud.com,,Recruiter
Yves,ywhittocks@sourceforge.net,Male,
Bennie,bbenet@dmoz.org,,Marketing Assistant
Darcy,ddomelowu@moonfruit.com,Genderqueer,VP Accounting
Keefe,kcurcherv@cam.ac.uk,Male,Desktop Support Technician
Robin,rdelamainew@drupal.org,Bigender,Payment Adjustment Coordinator
,gduerdinx@virginia.edu,Female,Environmental Tech
,,,General Manager
Yule,,Male,
Ayn,,Bigender,
Hildegaard,hmingasson11@salon.com,Genderqueer,Assistant Professor
Rod,,Genderqueer,Accounting Assistant IV
,,Polygender,Account Representative II
Conway,ckembrey14@mail.ru,Non-binary,Engineer III
Angele,awhife15@infoseek.co.jp,Non-binary,Civil Engineer
Lonna,,Polygender,Operator
Tuck,,Female,Help Desk Operator
Gelya,,Female,Analog Circuit Design manager
Kiley,kabramin19@dell.com,Male,Junior Executive
Astra,,Polygender,Civil Engineer
Kaleb,,Bigender,Quality Engineer
,,Bigender,
Rose,,Genderqueer,
Gareth,,Genderqueer,Accounting Assistant I
Ikey,iheelis1f@posterous.com,Polygender,Health Coach II
Delphine,ddrabble1g@google.co.jp,,
Latrina,lteresia1h@google.it,Non-binary,Help Desk Operator
Twyla,tgrzelczak1i@cbslocal.com,Agender,Accounting Assistant III
Stormi,,Non-binary,Physical Therapy Assistant
Dasha,dpeer1k@storify.com,Female,Help Desk Technician
Abigail,ahirjak1l@chron.com,Genderfluid,Health Coach I
Dionne,dnozzolinii1m@epa.gov,Female,Biostatistician III
Marrilee,mtwist1n@gravatar.com,Genderqueer,Payment Adjustment Coordinator
Randolf,rassiter1o@discuz.net,Male,
Garry,gsherratt1p@unc.edu,Non-binary,Accounting Assistant I
Lew,,Genderfluid,Chief Design Engineer
Adelaida,,,Analyst Programmer
,,Male,Operator
Lorrin,lgrealish1t@usa.gov,Genderfluid,Librarian
Ebeneser,ebeveredge1u@drupal.org,Non-binary,Sales Associate
Perry,,Genderqueer,Recruiting Manager
Parker,pcabbell1w@amazon.com,Agender,Electrical Engineer
,bmoorman1x@homestead.com,Agender,
Joete,jknightsbridge1y@unblog.fr,Genderfluid,Programmer II
Deanna,dlicas1z@imdb.com,Female,Media Manager II
Rees,,,Electrical Engineer
Hilda,hspinage21@blogtalkradio.com,Bigender,Office Assistant II
Valentia,,Agender,Professor
Ilaire,ifullick23@hp.com,Male,Internal Auditor
Daryl,dstathers24@smh.com.au,,
Novelia,naronin25@flavors.me,Genderfluid,
,wdowda26@mediafire.com,Agender,
Maggie,,Genderfluid,Staff Scientist
Maible,mmix28@goodreads.com,Polygender,Geological Engineer
Dannie,dmunslow29@si.edu,Agender,Human Resources Manager
Eustacia,,Male,Office Assistant I
Aleen,,Female,
,ggreystock2c@cyberchimps.com,Polygender,Web Designer III
Inessa,,Non-binary,Accountant I
Rahel,,Genderfluid,Programmer Analyst II
Pia,pabbitt2f@shutterfly.com,Genderqueer,Director of Sales
Robers,rgrimsley2g@ox.ac.uk,,Biostatistician III
Shantee,smulqueeny2h@flickr.com,Genderqueer,Paralegal
Carole,,Female,Senior Cost Accountant
Pieter,,Non-binary,
Jacquie,,Agender,Civil Engineer
Magdalen,,Polygender,VP Sales
Cozmo,cradenhurst2m@goo.gl,Polygender,VP Accounting
Brion,bnisby2n@ibm.com,Genderfluid,Tax Accountant
,,Agender,Automation Specialist IV
Frank,,Male,Product Engineer
Johannah,,,Occupational Therapist
,,Genderqueer,
Hildagarde,hmacveigh2s@ebay.com,Agender,Help Desk Technician
Dion,,Genderfluid,Structural Engineer
Perry,plindblad2u@wiley.com,,VP Sales
Lennard,,Non-binary,Web Designer II
Eziechiele,,Agender,Help Desk Technician
Bernhard,bfontenot2x@unblog.fr,Genderqueer,Environmental Tech
Sig,swettern2y@amazon.co.uk,Female,Product Engineer
Far,,Male,Staff Scientist
,sgoracci30@tuttocitta.it,Female,Graphic Designer
Benoit,,Male,Database Administrator III
Price,psallnow32@state.tx.us,Genderfluid,Human Resources Assistant IV
Michell,mascraft33@csmonitor.com,Non-binary,
Lynelle,,Genderfluid,
Opalina,,Genderfluid,VP Accounting
Imojean,isimenet36@arizona.edu,Agender,
Pooh,pdonisi37@cam.ac.uk,Genderqueer,Sales Representative
Fitz,,Genderfluid,
Raimundo,,Polygender,Environmental Tech
Selma,,Male,Research Nurse
,,Genderqueer,Legal Assistant
Maure,,Male,
Burtie,,Non-binary,Developer IV
Gretta,gshilladay3e@sbwire.com,Female,Budget/Accounting Analyst III
Jehu,jbullin3f@mapquest.com,Non-binary,GIS Technical Architect
Lion,,Agender,Food Chemist
Bel,,Non-binary,VP Marketing
Kale,klebatteur3i@geocities.com,Agender,Recruiter
Alvis,aflawn3j@ocn.ne.jp,Female,Quality Engineer
Rafa,,Male,Recruiting Manager
Antoinette,aetter3l@addtoany.com,,Staff Accountant III
Althea,,Polygender,Staff Scientist
Kin,kcurtis3n@samsung.com,Polygender,Recruiting Manager
,charmar3o@drupal.org,Genderfluid,Geological Engineer
Ruy,,Genderqueer,
Cody,,Non-binary,Legal Assistant
Ronna,rderrington3r@de.vu,Male,Senior Developer
Agatha,abuckles3s@pbs.org,Genderqueer,Junior Executive
Winn,,Genderfluid,Librarian
Ephrayim,,Bigender,Geological Engineer
,csteiner3v@tamu.edu,Male,
Elvyn,eschimon3w@4shared.com,Male,Speech Pathologist
Gunter,,Polygender,
Osgood,,Genderfluid,Media Manager III
Luz,,Male,
Gleda,,Agender,Product Engineer
Elyssa,ewilcher41@newsvine.com,Male,
,,Male,Speech Pathologist
Bryon,,Genderqueer,Sales Representative
Odelinda,,Agender,VP Accounting
Carola,cpuddicombe45@ca.gov,Genderqueer,Software Consultant
Cecilius,cgyppes46@lycos.com,Genderqueer,Associate Professor
Chad,,Genderfluid,Product Engineer
Ofelia,otownes48@webmd.com,Non-binary,Staff Accountant III
Eleanora,emccroary49@umn.edu,Agender,Research Associate
Arluene,aseegar4a@cornell.edu,Non-binary,Compensation Analyst
Ania,,Male,Human Resources Manager
Cassaundra,,Bigender,Speech Pathologist
Ivonne,irames4d@yelp.com,Genderfluid,Engineer III
Celisse,ccastel4e@cbslocal.com,,Operator
Carolyne,,Agender,Environmental Tech
,vtomasoni4g@discovery.com,Female,Research Assistant II
Grove,gmcaneny4h@sciencedirect.com,Non-binary,Director of Sales
Hendrika,htutchings4i@opensource.org,Female,Business Systems Development Analyst
Aprilette,aspeddin4j@nasa.gov,Polygender,Clinical Specialist
Bert,btesseyman4k@123-reg.co.uk,Agender,Marketing Manager
Garvy,gumbers4l@moonfruit.com,Agender,Sales Associate
Austen,,,Electrical Engineer
Janessa,,Female,
Zak,,Non-binary,Programmer I
,anickels4p@ucla.edu,Agender,Technical Writer
Aluino,abeckford4q@slashdot.org,Female,Analog Circuit Design manager
Knox,,Bigender,Structural Analysis Engineer
Novelia,nshottin4s@cmu.edu,Genderfluid,Nurse
Phebe,pberzons4t@wunderground.com,Non-binary,Legal Assistant
Evangeline,ecarlyon4u@webnode.com,Male,Biostatistician II
Gordon,gboig4v@geocities.com,Female,General Manager
,eyukhnev4w@vkontakte.ru,Bigender,Analog Circuit Design manager
Emmalynn,echurly4x@fotki.com,Non-binary,Director of Sales
Brandi,bphizacklea4y@huffingtonpost.com,Bigender,Sales Representative
Law,lhector4z@alibaba.com,Genderfluid,Senior Developer
Anya,,Female,Sales Associate
Friedrick,,,Social Worker
Cecil,,Polygender,Food Chemist
Nicola,,Male,
Tristam,tyarn54@imdb.com,Genderfluid,
Wait,wkleen55@friendfeed.com,Genderfluid,Chief Design Engineer
Ernie,,Genderfluid,Help Desk Operator
Burty,,Male,Technical Writer
Glendon,,Non-binary,Environmental Tech
Jada,jexter59@cnbc.com,Non-binary,Financial Advisor
Ines,,Male,Tax Accountant
Sileas,ssivill5b@earthlink.net,Male,Associate Professor
Calv,chardwin5c@istockphoto.com,Female,
Christos,,Agender,Associate Professor
Liz,,Polygender,Paralegal
Zandra,zrichings5f@go.com,Female,Design Engineer
,pcreddon5g@usnews.com,Bigender,Mechanical Systems Engineer
Cassandre,cmacnamara5h@mashable.com,Genderqueer,Analyst Programmer
Celestia,ckeeri5i@geocities.com,Non-binary,Media Manager III
Mandel,mprendiville5j@shareasale.com,Genderqueer,Safety Technician I
Henriette,htommasi5k@usda.gov,Polygender,Professor
Abeu,ahutcheson5l@earthlink.net,Non-binary,Tax Accountant
Tarrance,tgething5m@github.com,Female,Electrical Engineer
,gsmithyman5n@spiegel.de,Genderfluid,Operator
Kim,ksweetzer5o@linkedin.com,Female,Librarian
Sibyl,,Genderfluid,Account Representative I
Doll,dlamey5q@angelfire.com,Bigender,Payment Adjustment Coordinator
Gal,,Female,Speech Pathologist
Trudy,tchurchouse5s@techcrunch.com,Non-binary,Payment Adjustment Coordinator
Francis,fmacglory5t@ucoz.ru,Polygender,Office Assistant IV
Amie,,Agender,Financial Advisor
,,Genderfluid,Sales Associate
Carleen,clatehouse5w@answers.com,Genderfluid,Sales Representative
,kobispo5x@ifeng.com,Female,Nuclear Power Engineer
Pembroke,pcrick5y@businesswire.com,Bigender,Information Systems Manager
Leena,ldowbekin5z@discuz.net,Polygender,Cost Accountant
Charmane,cmatveichev60@time.com,Polygender,Marketing Assistant
Judah,,Male,Assistant Professor
Ki,kscoyne62@weibo.com,Female,Business Systems Development Analyst
Caleb,calbarez63@canalblog.com,Male,General Manager
Milissent,meunson64@usatoday.com,Genderfluid,Electrical Engineer
Yale,ysictornes65@pinterest.com,Genderqueer,Sales Representative
Gaelan,,Genderqueer,Web Developer I
Ardenia,awenman67@phoca.cz,Non-binary,Automation Specialist IV
Rance,,Bigender,Senior Financial Analyst
Stacie,,Male,
Lew,lbaylis6a@admin.ch,Non-binary,Pharmacist
,egrzegorek6b@taobao.com,Female,Civil Engineer
Carey,cspinks6c@techcrunch.com,Female,Engineer I
Derry,daleksankin6d@timesonline.co.uk,Genderfluid,Staff Scientist
Fredra,,Female,Paralegal
Cher,cconkey6f@stumbleupon.com,Polygender,VP Sales
Darice,dpassey6g@yahoo.com,Female,Financial Analyst
,lzanni6h@microsoft.com,,Information Systems Manager
Garvey,ghuck6i@bandcamp.com,Bigender,Financial Analyst
Burch,,Bigender,Pharmacist
Ninon,narmor6k@dailymail.co.uk,Polygender,
Myrtle,,Polygender,Administrative Assistant III
Florinda,,Agender,Financial Analyst
Donnie,dricks6n@g.co,Female,Senior Financial Analyst
Yalonda,,Polygender,
Maurise,,Male,GIS Technical Architect
Corinne,ccasale6q@cisco.com,Genderfluid,Cost Accountant
Horatia,,Female,Food Chemist
Rik,rmctavy6s@bravesites.com,Male,
Noak,nchristauffour6t@squidoo.com,Bigender,Information Systems Manager
Eldridge,eguntrip6u@elegantthemes.com,Agender,Financial Advisor
Ofelia,,Bigender,Registered Nurse
Jamil,,Non-binary,GIS Technical Architect
Rebecka,,Male,
Trisha,toppie6y@paginegialle.it,Agender,Automation Specialist III
Carrie,,Genderfluid,Budget/Accounting Analyst IV
,smoulton70@addtoany.com,Agender,Administrative Officer
,eturpey71@comsenz.com,,Speech Pathologist
Royall,,Female,Marketing Assistant
Alwyn,,Bigender,Structural Engineer
Wenona,,,
Alfreda,,Polygender,Data Coordiator
Kiley,,Genderfluid,Food Chemist
Karylin,kbedham77@utexas.edu,Genderqueer,Nurse Practicioner
Antonino,,Bigender,Health Coach I
Ferdinanda,,Genderqueer,
Laney,,Female,Account Executive
Matthiew,,Agender,Financial Analyst
Grace,glemmer7c@google.it,Genderqueer,Engineer II
Evita,egainsboro7d@wisc.edu,Non-binary,Project Manager
Ludvig,lhagwood7e@zimbio.com,,Recruiting Manager
See,slathwell7f@github.io,Bigender,Biostatistician II
Bamby,bseggie7g@cocolog-nifty.com,Male,Web Developer I
Michal,,Non-binary,Structural Engineer
Flossie,,Bigender,Data Coordiator
Stephi,,Bigender,
Edward,epallesen7k@boston.com,Agender,VP Accounting
Efrem,ebyars7l@examiner.com,Polygender,Graphic Designer
Linette,lbryan7m@domainmarket.com,Polygender,Engineer IV
Pat,parrighetti7n@ycombinator.com,Bigender,Account Coordinator
Alix,,,Human Resources Assistant IV
Linell,,Female,
Jobi,jpeffer7q@blogspot.com,Genderfluid,Design Engineer
De,dcartan7r@pcworld.com,Polygender,Engineer III
Tully,,Male,Assistant Media Planner
Cathie,cshattock7t@odnoklassniki.ru,Polygender,
,,Bigender,Data Coordiator
Alix,,Agender,Food Chemist
Cybill,csail7w@wordpress.org,Non-binary,Accountant IV
,jcleaveland7x@shutterfly.com,Non-binary,Quality Engineer
Sheffield,spelman7y@geocities.jp,Non-binary,Librarian
Becky,bcornfoot7z@goodreads.com,Genderfluid,Safety Technician IV
Burtie,braff80@usatoday.com,Genderqueer,
Ardath,aovendon81@nifty.com,Non-binary,Senior Sales Associate
,cbarke82@ftc.gov,Female,Staff Accountant II
Selina,,Male,Assistant Manager
Bianka,bbritt84@gmpg.org,Male,Staff Scientist
Merell,mkenton85@wired.com,Male,Analyst Programmer
Elmira,,Polygender,Statistician IV
Robinet,,Agender,
,epasterfield88@youku.com,Agender,
Lucky,ldmitrienko89@apple.com,Genderqueer,Web Designer III
Loise,lkeegan8a@hexun.com,Male,Dental Hygienist
,odefilippo8b@hibu.com,Bigender,VP Marketing
,,Genderqueer,Quality Engineer
Andros,,Non-binary,Software Consultant
Yettie,,Agender,Nuclear Power Engineer
Bill,,Genderfluid,
Bronson,bbasnall8g@admin.ch,Female,Junior Executive
Jock,,Polygender,Electrical Engineer
,aropkes8i@plala.or.jp,Bigender,Safety Technician I
,atilbey8j@skyrock.com,Polygender,Legal Assistant
Carny,,Male,Financial Analyst
Abra,,Genderfluid,Actuary
Tiebout,tmeffin8m@chron.com,Genderfluid,Speech Pathologist
Aileen,,Male,Administrative Assistant IV
Fulton,,Genderqueer,VP Product Management
Ivor,,Agender,Software Engineer IV
Armand,aouterbridge8q@time.com,Non-binary,Associate Professor
Elston,,Genderqueer,Research Nurse
Moshe,,Agender,Editor
Merla,,Polygender,Systems Administrator I
Karola,,Bigender,
Anderea,,Bigender,Research Assistant IV
Babara,,Bigender,Chief Design Engineer
Rafe,,Female,
Humphrey,hqueste8y@flickr.com,Male,Business Systems Development Analyst
Staford,,Non-binary,Professor
Ginelle,ginkle90@cyberchimps.com,Bigender,
Emma,,Polygender,Business Systems Development Analyst
Victoir,vmarrett92@t.co,Female,Web Developer II
Linc,,Bigender,VP Accounting
,mroo94@t-online.de,,Senior Financial Analyst
Janeen,,Non-binary,Social Worker
Timmy,treinbech96@github.io,Female,VP Sales
Celle,cbrendeke97@tripod.com,Male,Research Associate
Robinette,rcordeux98@about.me,Agender,
Carr,cskittrall99@elpais.com,Genderfluid,
Don,dprobert9a@craigslist.org,Male,Research Assistant IV
Verine,vegle9b@spiegel.de,Female,Human Resources Manager
Nollie,nbockings9c@va.gov,Female,Sales Representative
Baxter,bmennithorp9d@parallels.com,Agender,Senior Quality Engineer
Mariele,,Male,Computer Systems Analyst III
Ninette,ndunabie9f@ustream.tv,Female,Registered Nurse
Douglass,dgantzer9g@free.fr,Female,Junior Executive
Hanan,,Genderfluid,Associate Professor
Rockwell,,Agender,
Sonnie,sveryard9j@t-online.de,Non-binary,
Amye,,Polygender,Analyst Programmer
Brynne,,Bigender,Nurse
Saxon,strowler9m@youtu.be,Male,Community Outreach Specialist
Minda,,Non-binary,Occupational Therapist
Alyce,,Genderqueer,Legal Assistant
Ninnetta,nocriane9p@goodreads.com,Female,Automation Specialist IV
Damon,,Genderfluid,General Manager
Tedra,tpolack9r@mapquest.com,Male,Professor
Cynthy,cguillerman9s@mapy.cz,Genderqueer,Professor
,,Genderfluid,Environmental Specialist
Brittan,,Non-binary,VP Accounting
Meier,mcaldecot9v@ucoz.ru,Genderfluid,Human Resources Assistant II
Stan,,Non-binary,Administrative Officer
Yule,,Non-binary,Software Consultant
,,Female,Financial Advisor
Carla,cmcteer9z@home.pl,Male,Assistant Professor
Louisette,lmorillaa0@intel.com,Male,
,jblazeka1@dell.com,,
Keen,,Agender,
Ree,,Genderqueer,Registered Nurse
,sivanishcheva4@is.gd,Non-binary,Accounting Assistant III
Guillema,gleyrea5@mac.com,Bigender,Product Engineer
Renato,rnuccitellia6@craigslist.org,Genderqueer,Senior Quality Engineer
Earle,eespineta7@opera.com,Genderfluid,
,,Genderfluid,
Petronella,,Bigender,Geologist II
,edawtreaa@spotify.com,Female,Staff Accountant I
Sheelah,,Polygender,Design Engineer
Neville,nbadderac@cbslocal.com,Agender,Compensation Analyst
Robbie,,Bigender,Environmental Tech
Ashby,ahaithae@weebly.com,Genderfluid,
Petronille,pdewolfeaf@weebly.com,,Systems Administrator IV
Valenka,vcabraraag@hexun.com,Bigender,Help Desk Technician
Goldarina,,Female,Sales Associate
Homerus,,Genderqueer,Desktop Support Technician
Reinwald,rsandwickaj@forbes.com,Female,
Krystyna,,Male,Biostatistician IV
Terrie,twingattal@japanpost.jp,Male,Dental Hygienist
,melderbrantam@ucoz.ru,Male,Research Associate
Anderea,astoakleyan@ycombinator.com,Genderfluid,Product Engineer
,,Agender,Software Consultant
Alvis,aborrellap@amazon.de,Genderqueer,Budget/Accounting Analyst I
Gay,gesgateaq@desdev.cn,Genderfluid,
Ancell,,Female,Software Test Engineer IV
,,Female,
Kenneth,kpersianat@tamu.edu,Female,Sales Associate
Sharia,sgregorowiczau@fc2.com,Genderqueer,Engineer II
Aila,,Polygender,Desktop Support Technician
Irma,,Non-binary,Help Desk Technician
Gilberte,,Genderfluid,Recruiting Manager
,aespinetay@washingtonpost.com,Non-binary,Staff Accountant II
Judon,,Non-binary,Research Assistant III
Vyky,,Non-binary,Senior Sales Associate
Benedetta,,Male,Payment Adjustment Coordinator
Rorie,rstrafenb2@liveinternet.ru,Polygender,
Claudell,ccortinb3@comcast.net,Male,Paralegal
Lula,lmcausleneb4@toplist.cz,Female,Analyst Programmer
Salomo,,Non-binary,Senior Cost Accountant
Edward,eambrogiob6@unc.edu,Polygender,Account Coordinator
Lisa,,Female,
Donall,dtetfordb8@businessweek.com,,VP Sales
Cam,,Polygender,Human Resources Assistant II
Priscilla,,Agender,Analyst Programmer
Bernie,,Bigender,Senior Developer
Nels,,Agender,Senior Sales Associate
Anna,,Male,Civil Engineer
Patrick,plenoirbe@rediff.com,Polygender,Health Coach I
,pkneelbf@blogs.com,Non-binary,Social Worker
Tudor,tmedwaybg@wunderground.com,Genderfluid,Recruiting Manager
,tshemmansbh@amazon.de,Non-binary,Accounting Assistant IV
Ondrea,ominifiebi@scientificamerican.com,Genderqueer,Community Outreach Specialist
,gwassonbj@seattletimes.com,Bigender,
Will,wendersonbk@blogtalkradio.com,Male,Product Engineer
Liv,,,Nurse
Feodor,fmcinerneybm@google.com.au,Genderqueer,
Di,dsarjantbn@studiopress.com,Female,Pharmacist
Elisabet,,Genderqueer,Technical Writer
Blake,,Bigender,Accountant I
Sascha,spalffybq@infoseek.co.jp,Male,
Barney,,Genderqueer,Registered Nurse
Ermina,,Polygender,Graphic Designer
Lloyd,lbabberbt@altervista.org,Agender,Actuary
Mella,,Bigender,Engineer II
Avis,ajerochbv@bluehost.com,Genderqueer,Structural Engineer
Kerrill,,Non-binary,Sales Associate
,amcmeanmabx@taobao.com,Female,Software Engineer IV
Agosto,adorracottby@feedburner.com,Bigender,Environmental Specialist
Rodrique,ryoxallbz@apache.org,Male,
Deirdre,,,Staff Accountant II
,,Non-binary,Mechanical Systems Engineer
Brendin,,Genderfluid,Director of Sales
Cosimo,cgoodfieldc3@stumbleupon.com,Polygender,
Duky,dharroldc4@people.com.cn,Agender,Help Desk Technician
Brucie,bbygrovec5@liveinternet.ru,Non-binary,VP Sales
Conchita,,Non-binary,Senior Sales Associate
Xylia,,Agender,Design Engineer
Tracy,tbucktharpc8@cloudflare.com,Agender,Technical Writer
Lita,lenochssonc9@myspace.com,Non-binary,
Findley,fgravenellca@va.gov,Agender,Geologist II
Goldia,gdeanecb@ucsd.edu,Bigender,Operator
,,Bigender,Marketing Assistant
Ailis,adownhamcd@biblegateway.com,Genderfluid,
Eric,,Genderfluid,Speech Pathologist
Jeromy,jchampionnetcf@51.la,Non-binary,Data Coordiator
Lila,,Polygender,Senior Cost Accountant
Randal,rcazinch@prweb.com,Agender,Nuclear Power Engineer
Stephana,,Genderfluid,Librarian
Bennie,,Genderqueer,Media Manager II
Mick,,Genderfluid,
Brett,,Bigender,Social Worker
,sstorercm@icio.us,Non-binary,Sales Representative
Flory,,Male,Staff Accountant IV
,,Non-binary,
Thomasine,tbreinlcp@marriott.com,,Safety Technician IV
Gordon,,Polygender,Physical Therapy Assistant
Ronny,rkercr@alexa.com,Bigender,Internal Auditor
Marlin,mduferiecs@hibu.com,Non-binary,Research Assistant I
Joelle,jallsoct@php.net,Non-binary,Safety Technician II
Kristo,kshortoncu@paginegialle.it,Female,Research Assistant I
Ashton,acaudreycv@about.com,Bigender,VP Accounting
,psinniecw@salon.com,Polygender,
Jacquelyn,jtomaszewiczcx@msn.com,Bigender,Computer Systems Analyst II
Patrizius,,Non-binary,Paralegal
Hayward,hslogrovecz@google.ru,Non-binary,Biostatistician II
Oralia,oberrymand0@nyu.edu,Non-binary,Physical Therapy Assistant
Harper,,Bigender,Executive Secretary
Jere,,Genderqueer,Computer Systems Analyst IV
Patience,,Genderfluid,Quality Engineer
Gunilla,,Male,
Marnia,,Genderqueer,
Lewes,lpurshoused6@npr.org,Bigender,Software Engineer IV
Tab,tmarcroftd7@engadget.com,Genderqueer,Research Associate
Silvester,,Male,Research Assistant I
Adiana,apetracchid9@moonfruit.com,Agender,Biostatistician I
Dougie,,Polygender,Help Desk Operator
Adda,,Non-binary,Senior Financial Analyst
Inesita,,Agender,Chief Design Engineer
Ericka,,Genderqueer,Design Engineer
Sarena,shellinde@storify.com,Genderqueer,Structural Analysis Engineer
,plocarnodf@last.fm,Polygender,Administrative Assistant IV
Bryan,,Polygender,Senior Sales Associate
Monro,mschenkeldh@un.org,Polygender,Programmer Analyst II
Gerladina,,Male,Media Manager III
Byrle,bwarmandj@nsw.gov.au,Non-binary,Web Developer IV
Cecilia,,Genderqueer,
Jamaal,,Bigender,Safety Technician III
Stephi,sstanderingdm@harvard.edu,Bigender,Registered Nurse
Antony,,Male,GIS Technical Architect
Myrtle,mlenindo@narod.ru,,Desktop Support Technician
Stesha,,Bigender,Occupational Therapist
Aurel,ajebbdq@wikimedia.org,Non-binary,Computer Systems Analyst I
Cullie,,Male,Community Outreach Specialist
Nickola,,Polygender,Operator
,adielhenndt@biglobe.ne.jp,Polygender,Software Engineer I
Shea,speaddiedu@yelp.com,Male,Professor
,bjoandv@facebook.com,Genderfluid,Professor
Lonee,,Bigender,Project Manager
Kristofer,kketchelldx@domainmarket.com,Bigender,Research Associate
,,Male,Software Engineer III
Bernice,btuppenydz@telegraph.co.uk,Non-binary,
Keary,kreedere0@upenn.edu,Male,Senior Developer
Mavra,mtrahaire1@privacy.gov.au,Male,Statistician III
Bobbette,bfranzelinie2@hao123.com,Male,Media Manager I
Nelie,,Non-binary,Community Outreach Specialist
Cacilie,chedworthe4@163.com,Female,Compensation Analyst
Ashlin,amcilherane5@google.de,Agender,Accountant I
Theressa,,Bigender,Occupational Therapist
Allissa,abulcrofte7@nasa.gov,Genderfluid,
Wendi,wmontele8@ezinearticles.com,Genderqueer,Automation Specialist IV
Humphrey,hmenise9@wsj.com,Female,General Manager
Chadwick,cpetofiea@theglobeandmail.com,Bigender,
Nana,nmcilreavyeb@reuters.com,Agender,Human Resources Assistant III
Ardelia,astanleyec@europa.eu,Genderfluid,Community Outreach Specialist
Garland,gthirlawayed@4shared.com,Genderqueer,Business Systems Development Analyst
Orly,ogeachee@psu.edu,Agender,Web Designer IV
,,Genderfluid,Budget/Accounting Analyst IV
Leticia,,Non-binary,Junior Executive
Marco,,Polygender,VP Sales
Carleton,cortei@harvard.edu,Genderqueer,
Mariejeanne,,Genderqueer,Physical Therapy Assistant
Eadith,,,
Natalie,nkillinerel@free.fr,Bigender,Professor
Cathe,cspraggonem@loc.gov,Genderfluid,Project Manager
Miller,mrounden@surveymonkey.com,Bigender,Sales Associate
Gardy,gwhyteeo@squidoo.com,,
,,Polygender,Information Systems Manager
Rorke,rmetterickeeq@wikipedia.org,Bigender,
Laurianne,,Genderqueer,
Joana,jelsmorees@delicious.com,Male,
Georgia,,Female,Senior Developer
Eddie,ephilsoneu@drupal.org,Polygender,Senior Quality Engineer
Amalea,,Non-binary,Biostatistician III
Amity,ademendozaew@oakley.com,Genderqueer,Account Representative IV
Matthus,,Genderfluid,Senior Editor
Carlotta,,Genderqueer,Information Systems Manager
Mavis,mmccreadyez@ning.com,Male,Environmental Specialist
Rorie,rniezenf0@prlog.org,Polygender,Chief Design Engineer
,,Genderqueer,Assistant Professor
Hadleigh,,Genderfluid,Speech Pathologist
,,Non-binary,Account Coordinator
Aleen,ashakshaftf4@dagondesign.com,,Accountant IV
Jeremiah,jbessentf5@moonfruit.com,Polygender,Assistant Media Planner
Chadd,,Male,Pharmacist
Kirk,kdrinkhallf7@alibaba.com,Male,Budget/Accounting Analyst II
Micky,mrustidgef8@woothemes.com,Genderfluid,Senior Editor
,,Polygender,Desktop Support Technician
Brew,boliveyfa@reuters.com,Bigender,
Imogen,iallchinfb@constantcontact.com,Bigender,Data Coordiator
Jeremiah,,,Human Resources Assistant IV
Jarrett,,Genderfluid,
,,,
Mari,mroysonff@cafepress.com,Non-binary,Senior Sales Associate
,npriddingfg@redcross.org,Polygender,Clinical Specialist
,,Male,Staff Scientist
Evelyn,egeffenfi@cbslocal.com,Bigender,Engineer II
Chloris,,Bigender,Software Engineer I
Gisela,grabierfk@elegantthemes.com,Female,Paralegal
,cprosefl@virginia.edu,Female,Professor
Julissa,jcrosifm@deliciousdays.com,Male,Biostatistician IV
Ashbey,,Genderqueer,Health Coach IV
Eartha,,Genderfluid,
Von,,Genderqueer,Statistician I
,tvaloisfq@domainmarket.com,Male,Software Engineer III
Bennett,bsacazefr@gizmodo.com,Male,Director of Sales
Jodee,jparkerfs@eepurl.com,Agender,
Meriel,mlindbladft@mysql.com,Genderqueer,VP Quality Control
Tabbitha,tshatliffefu@google.ru,Genderfluid,Teacher
Dav,dmccalisterfv@sun.com,Female,Software Test Engineer II
Walt,,Genderqueer,
Cassie,,Bigender,Human Resources Assistant II
Willie,wceaplenfy@1688.com,Polygender,Help Desk Technician
Marten,mprimmerfz@skype.com,Male,Environmental Specialist
Kahaleel,kseymarkg0@ocn.ne.jp,Polygender,
Nani,nchottyg1@theguardian.com,Female,Associate Professor
Finlay,fgilvearg2@go.com,Polygender,
Barnett,bdickg3@smh.com.au,Male,Safety Technician IV
Wilmette,wbampforthg4@hc360.com,Agender,
Stacy,,Polygender,Research Nurse
Stephanus,,Genderfluid,Senior Sales Associate
Daphna,darnauding7@usnews.com,Non-binary,Senior Sales Associate
Hailey,hhuskeg8@blinklist.com,Genderfluid,Account Coordinator
Betty,bgeldefordg9@nhs.uk,Polygender,VP Accounting
Spenser,,Polygender,VP Accounting
Hiram,hbaskervillegb@constantcontact.com,Polygender,Junior Executive
,,Genderfluid,Software Consultant
Whittaker,woenegd@netvibes.com,Agender,Data Coordiator
Bethany,,Non-binary,Account Executive
Casie,chansodgf@engadget.com,Bigender,Staff Scientist
Hewe,hmincigg@census.gov,Polygender,Analyst Programmer
Normand,netongh@answers.com,,Marketing Manager
Nanete,,Genderqueer,Occupational Therapist
Germana,,Male,Graphic Designer
Quincey,,Male,
Vidovik,,Genderfluid,Electrical Engineer
Skye,sbrancagm@apple.com,Genderfluid,Safety Technician II
Gaultiero,,Non-binary,
Peyter,pelgramgo@shinystat.com,Genderfluid,Project Manager
,,Male,Quality Control Specialist
Lorrin,,Agender,Recruiting Manager
Cedric,,Non-binary,Budget/Accounting Analyst II
Armstrong,,,Senior Developer
Nikolia,,Female,Staff Accountant II
Cart,,Bigender,Design Engineer
Dari,dlakergv@over-blog.com,Female,Electrical Engineer
Adelice,awallettgw@digg.com,Agender,
,,Bigender,
Beauregard,bludmanngy@hp.com,Polygender,Automation Specialist I
Carmelita,,Genderfluid,
Goraud,,Polygender,Desktop Support Technician
Zilvia,,Genderqueer,Paralegal
Erik,etynemouthh2@shareasale.com,,Legal Assistant
Raymund,rburtonshawh3@flavors.me,Genderfluid,Web Designer III
Chicky,,,Structural Analysis Engineer
Kata,kgrewarh5@vistaprint.com,Genderqueer,VP Sales
Margy,mganterh6@behance.net,Genderqueer,Account Executive
Barbara,bsinclairh7@tinyurl.com,Genderfluid,Quality Control Specialist
Addy,,Female,
Clea,cglewh9@amazon.com,Agender,Safety Technician III
Forster,fcrownshawha@paginegialle.it,Male,Quality Control Specialist
Aaren,aioannidishb@google.it,Polygender,
Herbie,hmcmainshc@meetup.com,Female,Statistician IV
Dorena,djennemannhd@wix.com,Female,Marketing Assistant
Hunter,hcobbledhe@china.com.cn,Genderqueer,Marketing Assistant
Andrej,amallockhf@ca.gov,Polygender,Business Systems Development Analyst
Travis,tfulophg@comcast.net,Agender,Systems Administrator II
Cammy,,Polygender,Office Assistant III
Delinda,dsudellhi@ca.gov,Polygender,Senior Editor
Dell,dfransemaihj@cisco.com,Polygender,
Emyle,,Genderqueer,
Barbie,blinleyhl@w3.org,Non-binary,
Lorenza,,Genderfluid,Teacher
Donielle,,Polygender,
Ardith,adahlbomho@tamu.edu,Genderqueer,Geologist I
,scurdellhp@fema.gov,Genderfluid,Administrative Assistant II
Harlie,,Agender,Administrative Officer
Chase,csaullhr@pcworld.com,Genderqueer,Registered Nurse
,,Male,
Peria,,Genderqueer,Professor
Vernon,vteidemanhu@webeden.co.uk,Agender,Occupational Therapist
Stephana,,Male,Programmer IV
Janot,jmilbournehw@wikia.com,Non-binary,
Herta,,Female,VP Sales
,,Male,Geologist IV
Rockey,rdawidsohnhz@gov.uk,Genderfluid,Structural Analysis Engineer
Jamie,jlongfooti0@hatena.ne.jp,Polygender,Human Resources Assistant I
Reynard,,Agender,Web Developer II
Sher,srennocksi2@yellowbook.com,Agender,Geological Engineer
Sadella,sartingstalli3@amazon.co.jp,,Research Assistant II
Emalee,,Bigender,Civil Engineer
Gawen,ggrishakini5@cpanel.net,Polygender,Registered Nurse
Malina,,Genderqueer,
Randa,rthornsi7@time.com,Non-binary,Occupational Therapist
Aubrey,,Non-binary,Systems Administrator III
Irma,icarwardinei9@quantcast.com,Female,
Tyne,tcoalburnia@ning.com,Agender,Administrative Officer
,,Genderqueer,Social Worker
Ted,,Bigender,
Carita,,Polygender,Actuary
Adella,,,
Joelynn,,Agender,
Theo,,Polygender,
Lance,lregelousih@nbcnews.com,Polygender,Database Administrator I
Ermina,,Female,Help Desk Technician
Beatrice,,Polygender,Media Manager I
Charmion,,Genderqueer,VP Quality Control
Cornie,ccovinoil@hc360.com,,Senior Quality Engineer
Edita,,Genderqueer,VP Accounting
Samaria,scomettoin@gizmodo.com,,
Bambie,bnorcopio@nyu.edu,Bigender,
Lexie,,Bigender,Product Engineer
Jami,,Male,Operator
Banky,,Agender,Software Test Engineer IV
Mireille,mconersis@is.gd,Polygender,Account Executive
,,Female,Recruiter
Maye,melementiu@alibaba.com,Genderfluid,Librarian
Saul,scookmaniv@netscape.com,Non-binary,Structural Analysis Engineer
Perrine,ppelchatiw@walmart.com,Non-binary,Software Consultant
Cass,,Bigender,
Edwina,,Non-binary,Associate Professor
Piggy,,Genderfluid,Junior Executive
Edwina,,Genderqueer,Junior Executive
Carmine,cmarfej1@miibeian.gov.cn,Female,Biostatistician II
Casar,crichardeauj2@businessinsider.com,Bigender,Database Administrator I
Timmie,,Bigender,VP Product Management
Anderea,,Genderfluid,Automation Specialist II
Trey,thousenj5@seesaa.net,Female,
Alidia,,Agender,
Wilburt,,Genderfluid,Staff Accountant I
Sibby,sgarnsworthyj8@weibo.com,Male,Web Developer IV
Stepha,,Bigender,Senior Quality Engineer
Letizia,,Female,Nurse
Teresina,,,Physical Therapy Assistant
Yves,ytuffinjc@theatlantic.com,Genderfluid,Staff Accountant III
Jill,,Agender,
Cyndy,cdilnotje@ebay.co.uk,Female,Accounting Assistant I
Felicio,,Genderqueer,Health Coach II
Corrinne,,Agender,Help Desk Operator
Guillermo,ggatherjh@buzzfeed.com,Polygender,Office Assistant IV
Blondelle,,Non-binary,Project Manager
Fran,,Bigender,
Sammy,,Agender,Chemical Engineer
Bear,bgeillierjl@apple.com,Genderqueer,Operator
Catha,csoreyjm@sohu.com,Bigender,
Abbi,abrightyjn@exblog.jp,Agender,Help Desk Technician
Lurleen,laldertonjo@free.fr,Non-binary,
,,Genderqueer,Human Resources Assistant III
Anita,,Non-binary,
Gus,gtareejr@shutterfly.com,Genderfluid,Research Nurse
Shae,,Genderfluid,Cost Accountant
Elvira,,Genderfluid,Environmental Tech
Samuel,smckerrowju@ask.com,Genderqueer,Account Executive
Electra,,Genderqueer,Biostatistician I
Virginie,vkeithjw@booking.com,Bigender,
Patrizius,,Female,
Ramonda,rdonaghiejy@freewebs.com,Male,Programmer Analyst II
Derwin,,Polygender,
Edie,,Genderqueer,
Dun,,Genderqueer,Human Resources Assistant I
Sylas,,,
Niel,,Male,Administrative Assistant III
De,dkinlochk4@163.com,Female,Clinical Specialist
Sansone,,Bigender,Automation Specialist IV
Elston,,Non-binary,Staff Scientist
Van,vmcgaugheyk7@jalbum.net,Bigender,Systems Administrator IV
,bbuckmasterk8@msu.edu,Genderqueer,Recruiting Manager
Maryann,mfayerbrotherk9@home.pl,Agender,Payment Adjustment Coordinator
Jenn,jfortesquieuka@ucsd.edu,Non-binary,
Javier,jdalemankb@auda.org.au,Male,Operator
Ellsworth,eaizikkc@reverbnation.com,Agender,Staff Accountant IV
Rivalee,,Genderqueer,Product Engineer
Nada,nedelmanke@nhs.uk,,Junior Executive
Dita,,Agender,Legal Assistant
Lodovico,lmccarronkg@webeden.co.uk,Non-binary,Budget/Accounting Analyst IV
,tmaylerkh@yellowpages.com,Agender,Civil Engineer
Shandeigh,shumbyki@newsvine.com,Agender,Assistant Professor
Alisha,,Agender,Environmental Specialist
Wendie,wlaweleskk@google.pl,,Account Coordinator
Gabie,,Polygender,
Ricky,,Bigender,Health Coach I
George,gcraigheidkn@fastcompany.com,Agender,Staff Scientist
Dene,dwalbridgeko@globo.com,Non-binary,Sales Representative
,pgwatkinskp@state.tx.us,Polygender,Budget/Accounting Analyst I
Ulrike,,Polygender,Mechanical Systems Engineer
Kory,kcrawforthkr@elegantthemes.com,Genderqueer,Desktop Support Technician
Husain,hdefrancescoks@i2i.jp,Polygender,Tax Accountant
Ahmed,,Male,Associate Professor
Jasun,jkeppku@amazonaws.com,Genderfluid,Biostatistician I
Christine,cocheltreekv@gov.uk,Genderfluid,Civil Engineer
Kelci,,Agender,Compensation Analyst
Rhys,,Genderqueer,Programmer Analyst II
Wini,,Genderqueer,Research Nurse
Amanda,,Bigender,Design Engineer
Winfred,,Bigender,Speech Pathologist
Nil,njoselevitchl1@ebay.co.uk,Genderqueer,Project Manager
Tracy,tpilgriml2@1und1.de,Female,Cost Accountant
Amalia,achismonl3@woothemes.com,Polygender,Senior Sales Associate
Stace,sjeckelll4@scientificamerican.com,Genderqueer,Nuclear Power Engineer
Ignatius,igiannazzol5@yahoo.co.jp,Bigender,Marketing Assistant
Chloe,cdouglissl6@printfriendly.com,Bigender,
Caritta,cchestnuttl7@creativecommons.org,Female,Structural Engineer
Mathilde,,Agender,
Zachery,,Female,Food Chemist
Ruddie,rrohlfingla@thetimes.co.uk,Male,
Cordula,cdimitrovlb@google.es,Genderqueer,Editor
Brita,,Genderqueer,Sales Representative
Lissie,lvarvarald@redcross.org,Non-binary,Budget/Accounting Analyst IV
Lester,lrathbonele@miitbeian.gov.cn,Bigender,
Hedwiga,,Polygender,
,,Genderqueer,Recruiter
Aldin,,Bigender,
,jcarnallli@ifeng.com,Genderfluid,Actuary
Deanne,,Male,Food Chemist
Jules,jmyhanlk@vkontakte.ru,Non-binary,Senior Editor
Nehemiah,,Genderfluid,Health Coach IV
,llockyerlm@google.nl,Non-binary,Internal Auditor
Drusi,dbasekln@godaddy.com,Genderqueer,Software Engineer II
Maurita,,Non-binary,
Burton,,Non-binary,
Vivie,vweichlq@ibm.com,Bigender,Speech Pathologist
Alyss,,Male,Assistant Manager
Konstance,kdunderdalels@last.fm,Genderfluid,Sales Associate
Shem,,Genderqueer,Product Engineer
Mignonne,,Male,
Matilde,,Genderfluid,General Manager
Bethina,bcapseylw@craigslist.org,Female,
Elden,,Polygender,Senior Developer
Krissy,,Male,Recruiting Manager
Jaimie,,Agender,Chemical Engineer
Nicolis,,Male,Budget/Accounting Analyst II
Kaylyn,,Non-binary,Safety Technician IV
Raf,rstollim2@jigsy.com,Agender,Internal Auditor
Jeanelle,jbelfieldm3@ovh.net,Bigender,Actuary
Deloria,,,Research Associate
Pavlov,pcopcotem5@addthis.com,Genderfluid,Product Engineer
Mabel,,Non-binary,Clinical Specialist
Dorothy,,Female,Associate Professor
Niall,nrosengartm8@sohu.com,Polygender,Paralegal
Ginni,,Non-binary,VP Sales
Kristen,,Agender,Help Desk Technician
Alfreda,,,Budget/Accounting Analyst III
Caresse,colivamc@weebly.com,,Dental Hygienist
Berti,,Male,Assistant Media Planner
Tore,,Agender,Executive Secretary
Piotr,,,Accounting Assistant I
Spence,srabbemg@msu.edu,Polygender,Social Worker
Sydel,,Non-binary,Environmental Tech
Norry,nelmhurstmi@acquirethisname.com,Non-binary,GIS Technical Architect
Rosalinde,,Male,
Sari,,Genderfluid,Web Developer I
Angeline,afishlyml@zdnet.com,Non-binary,
Curtice,cpfeffermm@reddit.com,Genderqueer,Senior Cost Accountant
Kayne,kbambrughmn@surveymonkey.com,Genderqueer,
Minette,mflecknessmo@paginegialle.it,Genderfluid,Senior Developer
Marika,mstreadermp@ustream.tv,Genderfluid,Developer I
Amandie,,Genderfluid,
Malory,,Non-binary,
,gcuerdallms@samsung.com,Agender,Programmer IV
Lulu,,Male,Staff Scientist
,gcasseymu@fastcompany.com,Agender,Database Administrator I
Courtnay,cgindghillmv@microsoft.com,Genderfluid,
Nicola,ndragemw@webeden.co.uk,Agender,VP Quality Control
Lawrence,,Polygender,Help Desk Technician
Jojo,,,
Malorie,,,Structural Engineer
Ignatius,isherrardn0@nbcnews.com,Non-binary,Civil Engineer
,,Genderfluid,Help Desk Operator
Petunia,pmunroen2@fastcompany.com,Polygender,
Gretchen,gstiggersn3@homestead.com,Genderfluid,
Dede,,Agender,Analyst Programmer
Shelby,sedmeadesn5@narod.ru,Polygender,
Morgan,mwooffittn6@stanford.edu,Polygender,Staff Accountant II
Janaya,jbeevensn7@msn.com,Genderqueer,
Hailee,,Female,Database Administrator IV
Starlene,,Genderqueer,Paralegal
Lennard,,Female,
,bparrennb@drupal.org,Genderfluid,Senior Cost Accountant
Cyrille,,Male,Desktop Support Technician
Betsey,,Female,Assistant Manager
Ryley,,Female,Desktop Support Technician
Joby,,Genderqueer,
Sissie,sbryentonng@dyndns.org,Polygender,Software Test Engineer IV
Dev,dkohlertnh@cbsnews.com,Male,Paralegal
,,Agender,Web Developer IV
Emile,,Agender,Software Consultant
Ashien,,Agender,Geologist I
Lucila,,Genderfluid,Compensation Analyst
,,Genderfluid,Programmer IV
Berny,,Bigender,Assistant Media Planner
Anatollo,amccourtno@census.gov,Non-binary,Human Resources Assistant II
Eadie,ebidwellnp@ocn.ne.jp,,Help Desk Operator
Herb,,Non-binary,Dental Hygienist
Joane,,Polygender,Administrative Officer
Hannie,,Non-binary,
Suzi,sivantsovnt@hatena.ne.jp,Polygender,Accountant III
Hermia,hwiltshernu@slate.com,Polygender,Account Representative I
Bunni,bgoldsworthynv@umich.edu,Polygender,Design Engineer
Wiley,wrillettnw@stumbleupon.com,Bigender,Senior Financial Analyst
Hamlen,,Non-binary,VP Product Management
,atomankowskiny@cloudflare.com,Genderfluid,Media Manager III
,krowselnz@bloglines.com,Non-binary,Developer IV
Simone,scholdcrofto0@umich.edu,Genderqueer,
Thurston,twrenno1@list-manage.com,Agender,
Meagan,,Genderqueer,Media Manager IV
Mariana,,Non-binary,
Leah,lvallentineo4@mashable.com,Agender,
Candie,,Bigender,Biostatistician I
Ninnette,,Agender,Assistant Manager
,msurmanwellso7@go.com,Non-binary,Food Chemist
,,Non-binary,VP Quality Control
Phillie,pinkero9@photobucket.com,Genderfluid,Assistant Media Planner
Gaspar,gmelledyoa@tripadvisor.com,Female,Nuclear Power Engineer
,,,Software Consultant
Bee,brooperoc@spotify.com,Genderfluid,VP Quality Control
Domenic,dschwandenod@blogspot.com,Agender,Assistant Media Planner
,jrudolfoe@umn.edu,Genderfluid,Senior Financial Analyst
Evangelia,,Polygender,VP Marketing
Mariquilla,mmatresseog@google.com.hk,Bigender,Legal Assistant
,opasmoreoh@dedecms.com,Bigender,Sales Representative
Hanny,hdumingooi@istockphoto.com,Genderqueer,Recruiting Manager
Lizzie,lhoxeyoj@soup.io,Female,Tax Accountant
,,Bigender,
Alanson,,Genderqueer,Safety Technician IV
Arvy,apolsonom@plala.or.jp,Genderqueer,Geologist II
Godfry,,Agender,Quality Engineer
Fin,,Bigender,Help Desk Operator
Nike,,Non-binary,Financial Analyst
Shawnee,,Genderqueer,Actuary
Bathsheba,,Bigender,Research Nurse
Taite,,Male,Senior Developer
Kinny,,Non-binary,Tax Accountant
Margalit,mbernardyou@state.tx.us,Bigender,Civil Engineer
Sancho,ssiaskowskiov@unesco.org,Genderqueer,Marketing Assistant
Valli,vmattschasow@linkedin.com,Genderqueer,Accounting Assistant IV
Sheila-kathryn,,Genderfluid,Executive Secretary
Inez,igullenoy@epa.gov,Non-binary,Web Developer IV
Dinny,drosenaueroz@hp.com,Non-binary,Media Manager II
Davis,dblackbornep0@artisteer.com,Genderfluid,Research Nurse
Orly,,Non-binary,Assistant Manager
Fara,fleerp2@skyrock.com,Male,Mechanical Systems Engineer
Karen,,Genderfluid,Account Coordinator
Lacy,llevayp4@usnews.com,Agender,Operator
Bethanne,bsangrap5@bravesites.com,Genderqueer,Health Coach III
Cary,,Non-binary,
Letti,,,Analog Circuit Design manager
Ralina,rthorneloep8@examiner.com,Genderqueer,
Jephthah,,Female,Analog Circuit Design manager
Fawn,fcudpa@wordpress.org,Genderqueer,Account Executive
Cheri,,Female,Associate Professor
Goddart,,Female,
Sondra,,Agender,Financial Analyst
Jeff,jgaganpe@vkontakte.ru,Polygender,Administrative Assistant II
Dell,dgratrixpf@addtoany.com,Genderqueer,Research Assistant IV
Spence,,Genderfluid,Senior Developer
Gillian,,Non-binary,Dental Hygienist
,,Genderfluid,
Ashlie,amcilroypj@ucoz.ru,Genderqueer,Administrative Assistant III
,sriccardopk@smugmug.com,Bigender,Paralegal
Moyna,,Bigender,
Esdras,ethomsonpm@miibeian.gov.cn,Bigender,Senior Sales Associate
Luciano,,Male,Automation Specialist II
,kchangpo@cafepress.com,,Cost Accountant
Son,sclickpp@t.co,Non-binary,Marketing Assistant
Malinde,msallariepq@buzzfeed.com,Genderqueer,Software Consultant
Ethe,,Male,General Manager
Morten,,Agender,Office Assistant IV
,,,Desktop Support Technician
,,Non-binary,
Maire,mtoynepv@hud.gov,Genderqueer,Administrative Officer
Marylou,mlatterpw@usa.gov,Male,Food Chemist
,afowlespx@spiegel.de,Agender,
Freida,,Female,Environmental Specialist
Artemas,adunseithpz@soundcloud.com,Genderfluid,Assistant Manager
Arnold,,Genderqueer,Administrative Officer
Orbadiah,,Polygender,Teacher
Averil,amcjarrowq2@whitehouse.gov,Female,Research Nurse
Chalmers,cdaoustq3@sohu.com,Non-binary,Assistant Media Planner
Durand,dlewndenq4@ebay.co.uk,Agender,Compensation Analyst
Boyd,bivanichevq5@storify.com,Bigender,
Lucian,lrubinovitchq6@devhub.com,Agender,Accountant II
Vidovik,vmclanachanq7@wikimedia.org,Genderfluid,
Hephzibah,hborehamq8@issuu.com,Genderqueer,Media Manager IV
Tommi,tscneiderq9@amazon.com,Genderfluid,Marketing Manager
Falkner,,Polygender,Pharmacist
Rene,rgollinqb@seattletimes.com,Non-binary,
Trista,,Genderfluid,Office Assistant III
Rosetta,rmorettoqd@dropbox.com,Genderqueer,Software Test Engineer IV
Doria,dpallinqe@nhs.uk,Bigender,Recruiter
Constance,cmcalessqf@usatoday.com,Female,Automation Specialist II
Rozele,,Bigender,Analog Circuit Design manager
Elmo,eyerlettqh@bravesites.com,Genderfluid,
Neille,,Bigender,Actuary
Eugenio,,Non-binary,Engineer II
Erminia,,Female,Structural Engineer
Kip,,Non-binary,Assistant Media Planner
Hastings,,,Marketing Manager
Pate,,Polygender,Dental Hygienist
Dixie,dsiemensqo@kickstarter.com,Male,
Min,mpankettmanqp@woothemes.com,Polygender,Environmental Tech
Maddy,mcaleyqq@moonfruit.com,Polygender,Payment Adjustment Coordinator
Ewen,,Non-binary,
Hyacinthia,,Male,Administrative Assistant I
Rosetta,,Male,Marketing Manager
Andreas,awanleyqu@typepad.com,Genderfluid,Editor
Averil,,Female,Marketing Manager
Felic,,Genderfluid,Senior Sales Associate
Maurizia,mblythqx@theatlantic.com,Agender,Technical Writer
Freddi,fmarkieqy@intel.com,Polygender,Human Resources Manager
,ppoulterqz@tuttocitta.it,Male,Financial Analyst
Janis,,Bigender,Occupational Therapist
Clem,cbritneyr1@shinystat.com,Bigender,Nuclear Power Engineer
Tallou,twestcarrr2@census.gov,Female,Health Coach II
Berry,,Agender,
Eben,emundier4@wordpress.com,,Mechanical Systems Engineer
Charmion,,Non-binary,Tax Accountant
Lou,,Non-binary,Environmental Specialist
Maddy,msevittr7@bravesites.com,Non-binary,
Felipe,fmillsomr8@state.gov,,Operator
Tiebold,tgullyesr9@globo.com,Male,Desktop Support Technician
Evelyn,emcgroryra@fotki.com,Polygender,Account Coordinator
Adan,aarmanrb@state.gov,Polygender,
Aubert,,Male,
Ryley,rheimsrd@jugem.jp,Bigender,Business Systems Development Analyst
Jody,jpalfriere@latimes.com,Agender,
Sancho,sschustlrf@marriott.com,Female,General Manager
Desi,dzimmerrg@theglobeandmail.com,Non-binary,Structural Engineer
Donny,,Genderqueer,Health Coach III
,tdalmonri@friendfeed.com,Non-binary,Media Manager III
Adriano,,Male,
Shoshanna,sgrimblerk@pinterest.com,Male,Food Chemist
Rubin,,Bigender,Environmental Specialist
Edith,,Genderqueer,Human Resources Manager
Langsdon,,Genderqueer,Accounting Assistant IV
Brianna,bcahillro@spotify.com,Male,Programmer Analyst I
,kbernardellirp@blogs.com,Genderfluid,Chief Design Engineer
Nerti,,Genderqueer,Civil Engineer
Sheree,sswainrr@apache.org,Genderfluid,Help Desk Operator
